날짜,시간,국가,경제지표,실제,예상,이전,중요도
11.30 (Sat), 10:30,cn,NBS 종합 구매관리자지수(PMI) Nov,,,,하
11.30 (Sat), 10:30,cn,NBS 제조업 구매관리자지수(PMI) Nov,,,,상
11.30 (Sat), 10:30,cn,NBS 비제조업 구매관리자지수(PMI) Nov,,,,중
11.30 (Sat), 05:30,us,연준 대차대조표 Nov/27,,,,하
11.30 (Sat), 03:00,us,베이커 휴즈 전체 시추기 가동건수 Nov/29,,,,하
11.30 (Sat), 03:00,us,베이커 휴즈 원유 시추기 가동건수 Nov/29,,,,하
11.29 (Fri), 23:45,us,시카고 구매관리자지수(PMI) Nov,,,,중
11.29 (Fri), 18:30,gb,BOE 소비자 신용 Oct,,,,중
11.29 (Fri), 18:30,gb,M4 통화 공급량 (월간) Oct,,,,하
11.29 (Fri), 18:30,gb,개인대출 순여신액 (전월비) Oct,,,,하
11.29 (Fri), 18:30,gb,주택담보대출금액 Oct,,,,중
11.29 (Fri), 18:30,gb,모기지 승인건수 Oct,,,,중
11.29 (Fri), 16:00,gb,전국 주택가격지수 (전월비) Nov,,,,중
11.29 (Fri), 16:00,gb,전국 주택가격지수 (전년비) Nov,,,,중
11.29 (Fri), 09:00,us,감사절을 기념하여 일찍 시장 종료 ,,,,하
11.29 (Fri), 08:00,kr,소매 판매 (전월비) Oct,,,,하
11.29 (Fri), 08:00,kr,산업생산 (전월비) Oct,,,,하
11.29 (Fri), 08:00,kr,산업생산 (전년비) Oct,,,,하
11.29 (Fri), 02:00,us,30년 만기 모기지 금리 Nov/27,,,,하
11.29 (Fri), 01:30,us,4주 만기 국채 입찰 ,,,,하
11.29 (Fri), 01:30,us,8주 만기 국채 입찰 ,,,,하
11.28 (Thu), 22:30,us,계속 실업수당 청구건수 Nov/16,,,,하
11.28 (Thu), 22:30,us,실업수당 청구건수 4주 평균 Nov/23,,,,하
11.28 (Thu), 22:30,us,신규 실업수당 신청건수 Nov/23,,,,중
11.28 (Thu), 10:00,kr,기준금리 결정 ,,,3.25%,중
11.28 (Thu), 09:01,gb,자동차 생산 (전년비) Oct,,,,하
11.28 (Thu), 09:00,us,추수 감사절 ,,,,하
11.28 (Thu), 04:00,us,FOMC 회의록 ,,,,상
11.28 (Thu), 03:00,us,7년 만기 국채 입찰 ,,,,하
11.28 (Thu), 02:00,us,15년 만기 모기지 금리 Nov/26,,,,하
11.28 (Thu), 02:00,us,EIA 천연가스재고량 변화 Nov/22,,,,하
11.28 (Thu), 01:30,us,17주 만기 국채 입찰 ,,,,하
11.28 (Thu), 00:30,us,EIA 가솔린 생산량 변동 Nov/22,,,,하
11.28 (Thu), 00:30,us,EIA 난방유 재고 변동 Nov/22,,,,하
11.28 (Thu), 00:30,us,EIA 정제소 원유 가동량 변동 Nov/22,,,,하
11.28 (Thu), 00:30,us,EIA 원유 수입량 변동 Nov/22,,,,하
11.28 (Thu), 00:30,us,EIA 쿠싱 원유 재고량 변동 Nov/22,,,,하
11.28 (Thu), 00:30,us,EIA 원유 재고 변동 Nov/22,,,,중
11.28 (Thu), 00:30,us,EIA 증류유 재고 변동 Nov/22,,,,하
11.28 (Thu), 00:30,us,EIA 증류유 생산량 변동 Nov/22,,,,하
11.28 (Thu), 00:30,us,EIA 가솔린 재고 변동 Nov/22,,,,중
11.28 (Thu), 00:00,us,잠정주택판매지수 (전년비) Oct,,,,중
11.28 (Thu), 00:00,us,잠정주택판매지수 (전월비) Oct,,,,중
11.27 (Wed), 22:30,us,GDP 성장률 잠정치 (전분기비) Q3,,,,상
11.27 (Wed), 22:30,us,GDP 판매액 잠정치 (전분기비) Q3,,,1.9%,하
11.27 (Wed), 22:30,us,기업수익 Q3,,,3.5%,중
11.27 (Wed), 22:30,us,소매 재고 잠정치(자동차 제외) (전월비) Oct,,,,중
11.27 (Wed), 22:30,us,GDP 물가지수 잠정치 (전분기비) Q3,,,,중
11.27 (Wed), 22:30,us,실질 소비지출 잠정치 (전분기비) Q3,,,,하
11.27 (Wed), 22:30,us,개인소비지출 물가지수 잠정치 (전분기비) Q3,,,,하
11.27 (Wed), 22:30,us,근원 개인소비지출 물가지수 잠정치 (전분기비) Q3,,,2.8%,하
11.27 (Wed), 22:30,us,도매재고 잠정치 (전월비) Oct,,,,중
11.27 (Wed), 22:30,us,상품 무역수지 속보치 Oct,,,,중
11.27 (Wed), 22:30,us,내구재 주문 (전월비) Oct,,,,상
11.27 (Wed), 22:30,us,개인소득 (전월비) Oct,,,,상
11.27 (Wed), 22:30,us,비운송 내구재 주문 (전월비) Oct,,,,중
11.27 (Wed), 22:30,us,개인소비 (전월비) Oct,,,,상
11.27 (Wed), 22:30,us,비국방 내구재 주문 (전월비) Oct,,,,하
11.27 (Wed), 22:30,us,개인소비지출 물가지수 (전년비) Oct,,,,중
11.27 (Wed), 22:30,us,비국방재 주문 (항공기제외) (전월비) Oct,,,,하
11.27 (Wed), 22:30,us,개인소비지출 물가지수 (전월비) Oct,,,,중
11.27 (Wed), 22:30,us,근원 개인소비지출 물가지수 (전년비) Oct,,,,하
11.27 (Wed), 22:30,us,근원 개인소비지출 물가지수 (전월비) Oct,,,,상
11.27 (Wed), 21:00,us,MBA 모기지 재융자 지수 Nov/22,,,,하
11.27 (Wed), 21:00,us,MBA 구매 지수 Nov/22,,,,하
11.27 (Wed), 21:00,us,MBA 모기지 시장 지수 Nov/22,,,,하
11.27 (Wed), 21:00,us,MBA 30년 모기지 금리 Nov/22,,,,하
11.27 (Wed), 21:00,us,MBA 모기지 신청건수 (전주비) Nov/22,,,,하
11.27 (Wed), 20:00,gb,CBI 유통업 지수 Nov,,,,중
11.27 (Wed), 10:30,cn,산업이익 (YTD) (전년비) Oct,,,,하
11.27 (Wed), 06:30,us,API 원유 재고 변화 Nov/22,,,,중
11.27 (Wed), 06:00,kr,기업신뢰지수 Nov,,,,중
11.27 (Wed), 03:00,us,5년 만기 국채 입찰 ,,,,하
11.27 (Wed), 03:00,us,2년 만기 FRN 입찰 ,,,,하
11.27 (Wed), 01:30,us,52주 만기 국채 입찰 ,,,,하
11.27 (Wed), 01:00,us,화폐공급 Oct,,,,하
11.27 (Wed), 00:30,us,댈러스 연은 서비스 수익 지수 Nov,,,,하
11.27 (Wed), 00:30,us,댈라스 연은 서비스 지수 Nov,,,,하
11.27 (Wed), 00:00,us,컨퍼런스보드 소비자 신뢰지수 Nov,,,,중
11.27 (Wed), 00:00,us,신규주택판매건수 Oct,,,,중
11.27 (Wed), 00:00,us,신규주택판매건수 (전월비) Oct,,,,중
11.27 (Wed), 00:00,us,리치몬드 연은 제조업 출하 지수 Nov,,,,하
11.27 (Wed), 00:00,us,리치몬드 연준 제조업 지수 Nov,,,,하
11.27 (Wed), 00:00,us,리치몬드 연준 서비스 수익 지수 Nov,,,,하
11.26 (Tue), 23:00,us,주택가격 지수 (전년비) Sep,,,,하
11.26 (Tue), 23:00,us,S&P/케이스실러 주택가격지수 (전월비) Sep,,,,중
11.26 (Tue), 23:00,us,주택가격 지수 Sep,,,,하
11.26 (Tue), 23:00,us,S&P/케이스실러 주택가격지수 (전년비) Sep,,,,중
11.26 (Tue), 23:00,us,주택가격 지수 (전월비) Sep,,,,하
11.26 (Tue), 22:55,us,Redbook 지수(전년비) Nov/23,,,,하
11.26 (Tue), 22:00,us,건축 허가 최종 (전월비) Oct,,,,하
11.26 (Tue), 22:00,us,건축 허가 최종 Oct,,,,하
11.26 (Tue), 06:00,kr,소비자 신뢰지수 Nov,,,,중
11.26 (Tue), 03:00,us,2년 만기 국채 입찰 ,,,,하
11.26 (Tue), 01:30,us,3개월 만기 국채 입찰 ,,,,하
11.26 (Tue), 01:30,us,6개월 만기 국채 입찰 ,,,,하
11.26 (Tue), 00:30,us,댈러스 연은 제조업 활동 지수 Nov,,,,중
11.25 (Mon), 22:30,us,시카고 연은 국가활동지수 Oct,,,,중
11.23 (Sat), 03:00,us,베이커 휴즈 원유 시추기 가동건수 Nov/22,,,,하
11.23 (Sat), 03:00,us,베이커 휴즈 전체 시추기 가동건수 Nov/22,,,,하
11.23 (Sat), 00:00,us,미시건대 기대 인플레이션 최종 Nov,,,,하
11.23 (Sat), 00:00,us,미시건대 소비자 심리지수 최종 Nov,,,,중
11.23 (Sat), 00:00,us,미시간대 소비자 기대지수 최종 Nov,,,,하
11.23 (Sat), 00:00,us,미시간대 5년 기대 인플레이션 최종 Nov,,,,하
11.23 (Sat), 00:00,us,미시건대 경제현황 지수 최종 Nov,,,,하
11.22 (Fri), 23:45,us,S&P글로벌 종합 구매관리자지수(PMI) 잠정치 Nov,,,,중
11.22 (Fri), 23:45,us,S&P글로벌 서비스업 구매관리자지수(PMI) 잠정치 Nov,,,,중
11.22 (Fri), 23:45,us,S&P글로벌 제조업 구매관리자지수(PMI) 잠정치 Nov,,,,중
11.22 (Fri), 20:00,gb,CBI 산업수주동향 Nov,,,,중
11.22 (Fri), 18:30,gb,S&P 글로벌 종합 PMI 플래시 Nov,,,,중
11.22 (Fri), 18:30,gb,S&P 글로벌 서비스 PMI 플래시 Nov,,,,중
11.22 (Fri), 18:30,gb,S&P 글로벌 제조업 PMI 플래시 Nov,,,,중
11.22 (Fri), 09:01,gb,GFK 소비자 신뢰지수 Nov,,,,중
11.22 (Fri), 05:30,us,연준 대차대조표 Nov/20,,,,하
11.22 (Fri), 03:00,us,10년 만기 TIPS 입찰 ,,,,하
11.22 (Fri), 02:00,us,30년 만기 모기지 금리 Nov/20,,,,하
11.22 (Fri), 02:00,us,15년 만기 모기지 금리 Nov/20,,,,하
11.22 (Fri), 01:30,us,4주 만기 국채 입찰 ,,,,하
11.22 (Fri), 01:30,us,8주 만기 국채 입찰 ,,,,하
11.22 (Fri), 01:00,us,캔자스 연은 종합 지수 Nov,,,,하
11.22 (Fri), 01:00,us,켄자스 연은 제조업 지수 Nov,,,,하
11.22 (Fri), 00:30,us,EIA 천연가스재고량 변화 Nov/15,,,,하
11.22 (Fri), 00:00,us,기존주택판매 Oct,,,,중
11.22 (Fri), 00:00,us,기존주택판매 (전월비) Oct,,,,중
11.22 (Fri), 00:00,us,컨퍼런스보드 경기선행지수 (전월비) Oct,,,,하
11.21 (Thu), 22:30,us,필라델피아 연은 제조업 지수 Nov,,,,중
11.21 (Thu), 22:30,us,필라델피아 연은 지불가격 지수 Nov,,,,하
11.21 (Thu), 22:30,us,신규 실업수당 신청건수 Nov/16,,,,중
11.21 (Thu), 22:30,us,실업수당 청구건수 4주 평균 Nov/16,,,,하
11.21 (Thu), 22:30,us,계속 실업수당 청구건수 Nov/09,,,,하
11.21 (Thu), 22:30,us,필라델피아 연은 신규주문  지수 Nov,,,,하
11.21 (Thu), 22:30,us,필라델피아 연은 고용 지수 Nov,,,,하
11.21 (Thu), 22:30,us,필라델피아 연은 자본적지출 지수 Nov,,,,하
11.21 (Thu), 22:30,us,필라델피아 연은 경기 지수 Nov,,,,하
11.21 (Thu), 16:00,gb,노동 생산성 잠정치 (전분기비) Q3,,,,하
11.21 (Thu), 16:00,gb,공공부문 순채무액 (은행 제외) Oct,,,,하
11.21 (Thu), 16:00,gb,공공부문 순채무액 Oct,,,,하
11.21 (Thu), 03:00,us,20년 만기 국채 입찰 ,,,,하
11.21 (Thu), 01:30,us,17주 만기 국채 입찰 ,,,,하
11.21 (Thu), 00:30,us,EIA 원유 재고 변동 Nov/15,,,,중
11.21 (Thu), 00:30,us,EIA 증류유 재고 변동 Nov/15,,,,하
11.21 (Thu), 00:30,us,EIA 증류유 생산량 변동 Nov/15,,,,하
11.21 (Thu), 00:30,us,EIA 가솔린 재고 변동 Nov/15,,,,중
11.21 (Thu), 00:30,us,EIA 난방유 재고 변동 Nov/15,,,,하
11.21 (Thu), 00:30,us,EIA 가솔린 생산량 변동 Nov/15,,,,하
11.21 (Thu), 00:30,us,EIA 정제소 원유 가동량 변동 Nov/15,,,,하
11.21 (Thu), 00:30,us,EIA 원유 수입량 변동 Nov/15,,,,하
11.21 (Thu), 00:30,us,EIA 쿠싱 원유 재고량 변동 Nov/15,,,,하
11.20 (Wed), 21:00,us,MBA 모기지 신청건수 (전주비) Nov/15,,,,하
11.20 (Wed), 21:00,us,MBA 30년 모기지 금리 Nov/15,,,,하
11.20 (Wed), 21:00,us,MBA 모기지 재융자 지수 Nov/15,,,,하
11.20 (Wed), 21:00,us,MBA 구매 지수 Nov/15,,,,하
11.20 (Wed), 21:00,us,MBA 모기지 시장 지수 Nov/15,,,,하
11.20 (Wed), 16:00,gb,근원 산출 생산자물가지수(PPI) (전년비) Oct,,,,하
11.20 (Wed), 16:00,gb,근원 산출 생산자물가지수(PPI) (전월비) Oct,,,,하
11.20 (Wed), 16:00,gb,소매물가지수 (전월비) Oct,,,,하
11.20 (Wed), 16:00,gb,소매물가지수 (전년비) Oct,,,,하
11.20 (Wed), 16:00,gb,근원 인플레이션율 (전월비) Oct,,,,하
11.20 (Wed), 16:00,gb,인플레이션율 (전년비) Oct,,,,상
11.20 (Wed), 16:00,gb,근원 인플레이션율 (전년비) Oct,,,,중
11.20 (Wed), 16:00,gb,인플레이션율 (전월비) Oct,,,,중
11.20 (Wed), 16:00,gb,산출 생산자물가지수(PPI) (전년비) Oct,,,,하
11.20 (Wed), 16:00,gb,투입 생산자물가지수(PPI) (전월비) Oct,,,,하
11.20 (Wed), 16:00,gb,투입 생산자물가지수(PPI) (전년비) Oct,,,,하
11.20 (Wed), 16:00,gb,산출 생산자물가지수(PPI) (전월비) Oct,,,,하
11.20 (Wed), 10:15,cn,5년 만기 대출 우대 금리 Nov,,,,중
11.20 (Wed), 10:15,cn,1년 만기 대출 우대 금리 ,,,,중
11.20 (Wed), 06:30,us,API 원유 재고 변화 Nov/15,,,,중
11.20 (Wed), 06:00,kr,생산자 물가지수(PPI) (전월비) Oct,,,,하
11.20 (Wed), 06:00,kr,생산자 물가지수(PPI) (전년비) Oct,,,,하
11.19 (Tue), 22:55,us,Redbook 지수(전년비) Nov/16,,,,하
11.19 (Tue), 22:30,us,주택착공건수 (전월비) Oct,,,,중
11.19 (Tue), 22:30,us,건축 허가 잠정치 (전월비) Oct,,,,중
11.19 (Tue), 22:30,us,건축 허가 잠정치 Oct,,,,상
11.19 (Tue), 22:30,us,주택착공건수 Oct,,,,중
11.19 (Tue), 19:00,gb,15년 만기 국채 경매 ,,,4.131%,하
11.19 (Tue), 06:00,us,외국인 채권 투자액 Sep,,,,하
11.19 (Tue), 06:00,us,국제자본유출입 장기순거래 Sep,,,,중
11.19 (Tue), 06:00,us,총 순자본 유출입 Sep,,,,하
11.19 (Tue), 01:30,us,3개월 만기 국채 입찰 ,,,,하
11.19 (Tue), 01:30,us,6개월 만기 국채 입찰 ,,,,하
11.19 (Tue), 00:00,us,NAHB 주택시장지수 Nov,,,,중
11.18 (Mon), 16:00,gb,소매 판매 (전월비) Oct,,,,상
11.18 (Mon), 16:00,gb,소매 판매 (전년비) Oct,,,,중
11.18 (Mon), 16:00,gb,소매 판매(유류 제외) (전년비) Oct,,,,하
11.18 (Mon), 16:00,gb,소매 판매(유류 제외) (전월비) Oct,,,,중
11.17 (Sun), 18:20,cn,외국인 직접 투자 (YTD) (전년비) Oct,,,,중
11.16 (Sat), 03:00,us,베이커 휴즈 전체 시추기 가동건수 Nov/15,,,,하
11.16 (Sat), 03:00,us,베이커 휴즈 원유 시추기 가동건수 Nov/15,,,,하
11.16 (Sat), 02:00,us,세계 유제품 무역 가격 지수 ,,,,하
11.16 (Sat), 00:00,us,소매 재고(자동차 제외) (전월비) Sep,,,,하
11.16 (Sat), 00:00,us,기업 재고 (전월비) Sep,,,,중
11.15 (Fri), 23:15,us,산업생산 (전월비) Oct,,,,중
11.15 (Fri), 23:15,us,설비 가동률 Oct,,,,하
11.15 (Fri), 23:15,us,제조업 생산 (전년비) Oct,,,,하
11.15 (Fri), 23:15,us,제조업 생산량 (전월비) Oct,,,,하
11.15 (Fri), 23:15,us,산업생산 (YOY) Oct,,,,하
11.15 (Fri), 22:30,us,수입물가지수 (전월비) Oct,,,,중
11.15 (Fri), 22:30,us,수출물가지수 (전월비) Oct,,,,중
11.15 (Fri), 22:30,us,수입물가지수 (전년비) Oct,,,,하
11.15 (Fri), 22:30,us,수출물가지수 (전년비) Oct,,,,하
11.15 (Fri), 22:30,us,소매 판매 (자동차 제외) (전월비) Oct,,,,중
11.15 (Fri), 22:30,us,소매 판매 (전년비) Oct,,,,하
11.15 (Fri), 22:30,us,소매 판매 (전월비) Oct,,,,상
11.15 (Fri), 22:30,us,소매 판매(가스/자동차 제외) (전월비) Oct,,,,하
11.15 (Fri), 22:30,us,뉴욕 엠파이어 스테이트 제조업 지수 Nov,,,,중
11.15 (Fri), 11:00,cn,실업률 Oct,,,,중
11.15 (Fri), 11:00,cn,NBS 기자 회견 ,,,,하
11.15 (Fri), 11:00,cn,고정 자산 투자 (YTD) (전년비) Oct,,,,중
11.15 (Fri), 11:00,cn,산업생산 (전년비) Oct,,,,상
11.15 (Fri), 11:00,cn,연간 소매 판매 Oct,,,,상
11.15 (Fri), 10:30,cn,PBoC 1년 만기 MLF (중기유동성지원창구) 금리 ,,,,하
11.15 (Fri), 10:30,cn,주택가격지수 (전년비) Oct,,,,중
11.15 (Fri), 05:30,us,연준 대차대조표 Nov/13,,,,하
11.15 (Fri), 02:00,us,15년 만기 모기지 금리 Nov/13,,,,하
11.15 (Fri), 02:00,us,30년 만기 모기지 금리 Nov/13,,,,하
11.15 (Fri), 01:30,us,4주 만기 국채 입찰 ,,,,하
11.15 (Fri), 01:30,us,8주 만기 국채 입찰 ,,,,하
11.15 (Fri), 01:00,us,EIA 원유 재고 변동 Nov/08,,,,중
11.15 (Fri), 01:00,us,EIA 증류유 재고 변동 Nov/08,,,,하
11.15 (Fri), 01:00,us,EIA 증류유 생산량 변동 Nov/08,,,,하
11.15 (Fri), 01:00,us,EIA 가솔린 재고 변동 Nov/08,,,,중
11.15 (Fri), 01:00,us,EIA 가솔린 생산량 변동 Nov/08,,,,하
11.15 (Fri), 01:00,us,EIA 난방유 재고 변동 Nov/08,,,,하
11.15 (Fri), 01:00,us,EIA 정제소 원유 가동량 변동 Nov/08,,,,하
11.15 (Fri), 01:00,us,EIA 원유 수입량 변동 Nov/08,,,,하
11.15 (Fri), 01:00,us,EIA 쿠싱 원유 재고량 변동 Nov/08,,,,하
11.15 (Fri), 00:30,us,EIA 천연가스재고량 변화 Nov/08,,,,하
11.14 (Thu), 22:30,us,계속 실업수당 청구건수 Nov/02,,,,하
11.14 (Thu), 22:30,us,실업수당 청구건수 4주 평균 Nov/09,,,,하
11.14 (Thu), 22:30,us,신규 실업수당 신청건수 Nov/09,,,,중
11.14 (Thu), 22:30,us,PPI Oct,,,145.173,하
11.14 (Thu), 22:30,us,생산자 물가지수(PPI) (전월비) Oct,,,0%,상
11.14 (Thu), 22:30,us,생산자 물가지수(PPI) (전년비) Oct,,,1.8%,하
11.14 (Thu), 22:30,us,근원 생산자 물가지수 (전월비) Oct,,,0.2%,중
11.14 (Thu), 22:30,us,"PPI Ex 식품, 에너지 및 무역(연간) Oct",,,3.2%,하
11.14 (Thu), 22:30,us,근원 생산자 물가지수 (전년비) Oct,,,2.8%,하
11.14 (Thu), 22:30,us,"PPI Ex 식품, 에너지 및 무역(월간) Oct",,,0.1%,하
11.14 (Thu), 22:00,gb,NIESR 월간 GDP 추적 Oct,,,0.2%,하
11.14 (Thu), 16:00,gb,GDP 성장률 잠정치 (전년비) Q3,,,0.7%,상
11.14 (Thu), 16:00,gb,3개월 평균 GDP 증가율 Sep,,,0.2%,중
11.14 (Thu), 16:00,gb,월간 GDP 성장률 (전월비) Sep,,,0.2%,상
11.14 (Thu), 16:00,gb,기업 투자 잠정치 (전분기비) Q3,,,1.4%,중
11.14 (Thu), 16:00,gb,기업 투자 잠정치 (전년비) Q3,,,0.2%,하
11.14 (Thu), 16:00,gb,무역수지 Sep,,,&pound;-0.955B,하
11.14 (Thu), 16:00,gb,제조업 생산 (전년비) Sep,,,-0.3%,하
11.14 (Thu), 16:00,gb,제조업 생산 (전월비) Sep,,,1.1%,중
11.14 (Thu), 16:00,gb,산업생산 (전월비) Sep,,,0.5%,중
11.14 (Thu), 16:00,gb,산업생산 (전년비) Sep,,,-1.6%,하
11.14 (Thu), 16:00,gb,건설 산출량 (전년비) Sep,,,0.3%,하
11.14 (Thu), 16:00,gb,월간 GDP 성장률 (전년비) Sep,,,1%,하
11.14 (Thu), 16:00,gb,상품 무역수지 Sep,,,&pound;-15.06B,중
11.14 (Thu), 16:00,gb,건설 주문 (전년비) Q3,,,28%,하
11.14 (Thu), 16:00,gb,상품 무역수지(비EU국) Sep,,,&pound;-4.95B,중
11.14 (Thu), 16:00,gb,GDP 성장률 잠정치 (전분기비) Q3,,,0.5%,상
11.14 (Thu), 09:00,gb,재무장관 맨션 하우스 연설 ,,,,하
11.14 (Thu), 06:30,us,API 원유 재고 변화 Nov/08,,,,중
11.14 (Thu), 04:00,us,월간 예산 보고 Oct,,,,중
11.14 (Thu), 01:30,us,17주 만기 국채 입찰 ,,,,하
11.13 (Wed), 22:30,us,소비자물가지수 (CPI) (전년비) Oct,,,,상
11.13 (Wed), 22:30,us,근원 소비자물가지수 (CPI) (전년비) Oct,,,,상
11.13 (Wed), 22:30,us,근원 소비자물가지수 (CPI) (전월비) Oct,,,0.3%,상
11.13 (Wed), 22:30,us,소비자물가지수 (CPI) (전월비) Oct,,,,상
11.13 (Wed), 22:30,us,소비자 물가지수(CPI) Oct,,,,중
11.13 (Wed), 22:30,us,소비자 물가지수(CPI) (계절조정) Oct,,,314.686,중
11.13 (Wed), 21:00,us,MBA 30년 모기지 금리 Nov/08,,,,하
11.13 (Wed), 21:00,us,MBA 모기지 신청건수 (전주비) Nov/08,,,,하
11.13 (Wed), 21:00,us,MBA 모기지 재융자 지수 Nov/08,,,,하
11.13 (Wed), 21:00,us,MBA 구매 지수 Nov/08,,,,하
11.13 (Wed), 21:00,us,MBA 모기지 시장 지수 Nov/08,,,,하
11.13 (Wed), 19:00,gb,4년 부채 국채 경매 ,,,,하
11.13 (Wed), 17:00,cn,사회융자총액 Oct,,,,하
11.13 (Wed), 17:00,cn,신규 위안화 대출 Oct,,,,중
11.13 (Wed), 17:00,cn,광의통화량 M2 (전년비) Oct,,,,하
11.13 (Wed), 17:00,cn,대출 잔액 증감 (전년비) Oct,,,,하
11.13 (Wed), 08:00,kr,실업률 Oct,,,,중
11.13 (Wed), 06:00,kr,수입물가지수 (전년비) Oct,,,,하
11.13 (Wed), 06:00,kr,수출물가지수 (전년비) Oct,,,,하
11.13 (Wed), 01:00,us,소비자 기대 인플레이션 Oct,,,,하
11.12 (Tue), 23:10,us,RCM/TIPP 경제 낙관 지수 Nov,,,46.9,하
11.12 (Tue), 22:55,us,Redbook 지수(전년비) Nov/09,,,,하
11.12 (Tue), 20:00,us,NFIB 기업낙관지수 Oct,,,,하
11.12 (Tue), 19:00,gb,20년만기 국채 금채 경매 ,,,,하
11.12 (Tue), 16:00,gb,3개월 고용변화  Sep,,,,중
11.12 (Tue), 16:00,gb,실업수당청구 변동 Oct,,,,하
11.12 (Tue), 16:00,gb,실업률 Sep,,,,상
11.12 (Tue), 16:00,gb,3개월 평균 임금 (상여 포함) (전년비) Sep,,,,중
11.12 (Tue), 16:00,gb,3개월 평균 임금 (상여 제외) (전년비) Sep,,,,하
11.12 (Tue), 16:00,gb,HMRC 고용수 변화 Oct,,,,하
11.12 (Tue), 01:30,us,3개월 만기 국채 입찰 ,,,,하
11.12 (Tue), 01:30,us,6개월 만기 국채 입찰 ,,,,하
11.11 (Mon), 09:00,us,재향 군인의 날 ,,,,하
11.10 (Sun), 16:00,cn,차량 판매 (전년비) Oct,,,-1.7%,하
11.09 (Sat), 10:30,cn,인플레이션율 (전년비) Oct,,,0.4%,상
11.09 (Sat), 10:30,cn,인플레이션율 (전월비) Oct,,,0.0%,중
11.09 (Sat), 10:30,cn,생산자 물가지수(PPI) (전년비) Oct,,,-2.8%,중
11.09 (Sat), 03:00,us,베이커 휴즈 원유 시추기 가동건수 Nov/08,,,,하
11.09 (Sat), 03:00,us,베이커 휴즈 전체 시추기 가동건수 Nov/08,,,,하
11.09 (Sat), 02:00,us,WASDE 보고서 ,,,,하
11.09 (Sat), 00:00,us,미시건대 5년 기대 인플레이션 잠정치 Nov,,,,하
11.09 (Sat), 00:00,us,미시건대 기대 인플레이션 잠정치 Nov,,,,하
11.09 (Sat), 00:00,us,미시건대 경제현황 지수 잠정치 Nov,,,,하
11.09 (Sat), 00:00,us,미시건대 소비자 기대지수 잠정치 Nov,,,,하
11.09 (Sat), 00:00,us,미시건대 소비자 심리지수 잠정치 Nov,,,,상
11.08 (Fri), 18:00,cn,경상수지 잠정치 Q3,,,,중
11.08 (Fri), 09:01,gb,RICS 주택가격지수 Oct,,,,하
11.08 (Fri), 05:30,us,연준 대차대조표 Nov/6,,,,하
11.08 (Fri), 05:00,us,소비자 신용 변화 Sep,,,$8.93B,하
11.08 (Fri), 04:30,us,연준 기자 회견 ,,,,상
11.08 (Fri), 04:00,us,연준 기준금리 결정 ,,,5%,상
11.08 (Fri), 02:00,us,30년 만기 모기지 금리 Nov-06,,,,하
11.08 (Fri), 02:00,us,15년 만기 모기지 금리 Nov/06,,,,하
11.08 (Fri), 01:30,us,4주 만기 국채 입찰 ,,,,하
11.08 (Fri), 01:30,us,8주 만기 국채 입찰 ,,,,하
11.08 (Fri), 00:30,us,EIA 천연가스재고량 변화 Nov/01,,,,하
11.08 (Fri), 00:00,us,도매재고 (전월비) Sep,,,,하
11.07 (Thu), 23:00,us,중고차 가격 (전월비) Oct,,,-0.5%,하
11.07 (Thu), 23:00,us,중고차 가격 (전년비) Oct,,,-5.3%,하
11.07 (Thu), 22:30,us,신규 실업수당 신청건수 Nov/02,,,,중
11.07 (Thu), 22:30,us,실업수당 청구건수 4주 평균 Nov/02,,,,하
11.07 (Thu), 22:30,us,계속 실업수당 청구건수 Oct/26,,,,하
11.07 (Thu), 21:30,us,비농업 생산성 잠정치 (전분기비) Q3,,,2.5%,중
11.07 (Thu), 21:30,us,단위노동비용 잠정치 (전분기비) Q3,,,0.4%,중
11.07 (Thu), 21:00,gb,BOE MPC 표결 (금리인하) ,,,,중
11.07 (Thu), 21:00,gb,BOE MPC 표결 (금리인상) ,,,,중
11.07 (Thu), 21:00,gb,BOE MPC 표결 (금리동결) ,,,,중
11.07 (Thu), 21:00,gb,MPC 회의록 ,,,,중
11.07 (Thu), 21:00,gb,BOE 통화정책 보고서 ,,,,중
11.07 (Thu), 21:00,gb,BOE 기준금리 결정 ,,,,상
11.07 (Thu), 19:00,gb,BBA 모기지 금리 Oct,,,7.69%,하
11.07 (Thu), 17:00,cn,외환 보유고 Oct,,,$3.316T,하
11.07 (Thu), 16:00,gb,Halifax 주택가격지수(전년비) Oct,,,4.7%,중
11.07 (Thu), 16:00,gb,Halifax 주택가격지수(전월비) Oct,,,0.3%,중
11.07 (Thu), 12:00,cn,무역수지 Oct,,,,상
11.07 (Thu), 12:00,cn,수출액 (전년비) Oct,,,,중
11.07 (Thu), 12:00,cn,수입액 (전년비) Oct,,,,중
11.07 (Thu), 08:00,kr,경상수지 Sep,,,,하
11.07 (Thu), 03:00,us,30년물 채권 입찰 ,,,4.389%,중
11.07 (Thu), 01:30,us,17주 만기 국채 입찰 ,,,,하
11.07 (Thu), 00:30,us,EIA 가솔린 재고 변동 Nov/01,,,,중
11.07 (Thu), 00:30,us,EIA 난방유 재고 변동 Nov/01,,,,하
11.07 (Thu), 00:30,us,EIA 가솔린 생산량 변동 Nov/01,,,,하
11.07 (Thu), 00:30,us,EIA 정제소 원유 가동량 변동 Nov/01,,,,하
11.07 (Thu), 00:30,us,EIA 원유 수입량 변동 Nov/01,,,,하
11.07 (Thu), 00:30,us,EIA 원유 재고 변동 Nov/01,,,,중
11.07 (Thu), 00:30,us,EIA 쿠싱 원유 재고량 변동 Nov/01,,,,하
11.07 (Thu), 00:30,us,EIA 증류유 생산량 변동 Nov/01,,,,하
11.07 (Thu), 00:30,us,EIA 증류유 재고 변동 Nov/01,,,,하
11.06 (Wed), 22:45,us,S&P글로벌 서비스업 구매관리자지수(PMI) 최종 Oct,,,,중
11.06 (Wed), 22:45,us,S&P글로벌 종합 구매관리자지수(PMI) 최종 Oct,,,54,중
11.06 (Wed), 21:00,us,MBA 모기지 신청건수 (전주비) Nov/01,,,,하
11.06 (Wed), 21:00,us,MBA 30년 모기지 금리 Nov/01,,,,하
11.06 (Wed), 21:00,us,MBA 모기지 재융자 지수 Nov/01,,,,하
11.06 (Wed), 21:00,us,MBA 구매 지수 Nov/01,,,,하
11.06 (Wed), 21:00,us,MBA 모기지 시장 지수 Nov/01,,,,하
11.06 (Wed), 18:30,gb,S&P 글로벌 건설 PMI Oct,,,57.2,중
11.06 (Wed), 06:30,us,API 원유 재고 변화 Nov/01,,,,중
11.06 (Wed), 03:00,us,10년물 국채 입찰 ,,,,중
11.06 (Wed), 01:00,us,총 가계 부채 Q3,,,$17.8T,하
11.05 (Tue), 23:00,us,ISM 서비스업 구매관리자지수(PMI) Oct,,,54.9,상
11.05 (Tue), 23:00,us,ISM 서비스업 경제활동 지수 Oct,,,59.9,하
11.05 (Tue), 23:00,us,ISM 서비스 고용 Oct,,,48.1,하
11.05 (Tue), 23:00,us,ISM 서비스업 신규주문 지수 Oct,,,,하
11.05 (Tue), 23:00,us,ISM 서비스업 물가 지수 Oct,,,59.4,하
11.05 (Tue), 22:55,us,Redbook 지수(전년비) Nov/02,,,,하
11.05 (Tue), 22:30,us,수출액 Sep,,,$271.8B,중
11.05 (Tue), 22:30,us,무역수지 Sep,,,,중
11.05 (Tue), 22:30,us,수입액 Sep,,,$342.2B,중
11.05 (Tue), 19:30,us,LMI 물류 관리자 지수 Oct,,,58.6,하
11.05 (Tue), 19:00,gb,10년 만기 국채 입찰 ,,,4.170%,하
11.05 (Tue), 18:30,gb,S&P 글로벌 서비스 PMI 최종 Oct,,,52.4,중
11.05 (Tue), 18:30,gb,S&P 글로벌 종합 PMI 최종 Oct,,,52.6,하
11.05 (Tue), 18:00,gb,신차 판매 대수 (전년비) Oct,,,1.0%,하
11.05 (Tue), 10:45,cn,Caixin 종합 구매관리자지수(PMI) Oct,,,49.3,하
11.05 (Tue), 10:45,cn,Caixin 서비스업 구매관리자지수(PMI) Oct,,,50.3,중
11.05 (Tue), 09:01,gb,BRC 소매 판매 (전년비) Oct,,,,중
11.05 (Tue), 09:00,us,대통령 선거 ,,,,상
11.05 (Tue), 08:00,kr,인플레이션율 (전년비) Oct,,,,중
11.05 (Tue), 08:00,kr,인플레이션율 (전월비) Oct,,,,하
11.05 (Tue), 06:00,kr,외환 보유고 Oct,,,$419.97B,하
11.05 (Tue), 03:00,us,3년 만기 국채 입찰 ,,,3.878%,하
11.05 (Tue), 00:30,us,3개월 만기 국채 입찰 ,,,,하
11.05 (Tue), 00:30,us,6개월 만기 국채 입찰 ,,,,하
11.05 (Tue), 00:00,us,총 차량 판매 Oct,,,15.8M,하
11.05 (Tue), 00:00,us,공장주문 (전월비) Sep,,,-0.2%,중
11.05 (Tue), 00:00,us,비운송 공장주문 (전월비) Sep,,,-0.1%,하
11.02 (Sat), 02:00,us,베이커 휴즈 전체 시추기 가동건수 Nov/01,,,,하
11.02 (Sat), 02:00,us,베이커 휴즈 원유 시추기 가동건수 Nov/01,,,,하
11.01 (Fri), 23:00,us,건설 지출 (전월비) Sep,,,-0.1%,하
11.01 (Fri), 23:00,us,ISM 제조업 물가 지수 Oct,,,48.3,하
11.01 (Fri), 23:00,us,ISM 제조업 신규주문 지수 Oct,,,46.1,하
11.01 (Fri), 23:00,us,ISM 제조업 구매관리자지수(PMI) Oct,,,,상
11.01 (Fri), 23:00,us,ISM 제조업 고용 지수 Oct,,,43.9,중
11.01 (Fri), 22:45,us,S&P글로벌 제조업 구매관리자지수(PMI) 최종 Oct,,,,중
11.01 (Fri), 21:30,us,시간당 평균 임금 (전년비) ,,,4%,중
11.01 (Fri), 21:30,us,실업률 Oct,,,4.1%,상
11.01 (Fri), 21:30,us,비농업 고용수 (전월비) Oct,,,254K,상
11.01 (Fri), 21:30,us,시간당 평균 임금 Oct,,,34.2,하
11.01 (Fri), 21:30,us,U-6 실업률 ,,,7.7%,하
11.01 (Fri), 21:30,us,제조업 고용수 (전월비) Oct,,,-7K,하
11.01 (Fri), 21:30,us,경제활동참가율 Oct,,,62.7%,중
11.01 (Fri), 21:30,us,시간당 평균 임금 (전월비) Oct,,,0.4%,중
11.01 (Fri), 21:30,us,공무원 고용수 (전월비) Oct,,,31K,하
11.01 (Fri), 21:30,us,비농업 민간 고용수 (전월비) Oct,,,223K,하
11.01 (Fri), 18:30,gb,제조업 PMI Oct,,,,중
11.01 (Fri), 16:00,gb,전국 주택가격지수 (전월비) Oct,,,0.7%,중
11.01 (Fri), 16:00,gb,전국 주택가격지수 (전년비) Oct,,,3.2%,중
11.01 (Fri), 10:45,cn,Caixin 제조업 구매관리자지수(PMI) Oct,,,49.3,상
11.01 (Fri), 09:30,kr,S&P글로벌 제조업 구매관리자지수(PMI) Oct,,,48.3,중
11.01 (Fri), 09:00,kr,무역수지 Oct,,,$6.66B,하
11.01 (Fri), 09:00,kr,수출액 (전년비) Oct,,,7.5%,중
11.01 (Fri), 09:00,kr,수입액 (전년비) Oct,,,2.2%,하
11.01 (Fri), 05:30,us,연준 대차대조표 Oct/30,,,,하
11.01 (Fri), 01:00,us,15년 만기 모기지 금리 Oct/30,,,,하
11.01 (Fri), 01:00,us,30년 만기 모기지 금리 Oct/30,,,,하
11.01 (Fri), 00:30,us,4주 만기 국채 입찰 ,,,,하
11.01 (Fri), 00:30,us,8주 만기 국채 입찰 ,,,,하
10.31 (Thu), 23:30,us,EIA 천연가스재고량 변화 Oct/25,,,,하
10.31 (Thu), 22:45,us,시카고 구매관리자지수(PMI) Oct,,,46.6,중
10.31 (Thu), 21:30,us,계속 실업수당 청구건수 Oct/19,,,,하
10.31 (Thu), 21:30,us,실업수당 청구건수 4주 평균 Oct/26,,,,하
10.31 (Thu), 21:30,us,신규 실업수당 신청건수 Oct/26,,,,중
10.31 (Thu), 21:30,us,개인소비 (전월비) Sep,,,0.2%,상
10.31 (Thu), 21:30,us,개인소득 (전월비) Sep,,,0.2%,상
10.31 (Thu), 21:30,us,개인소비지출 물가지수 (전월비) Sep,,,0.1%,중
10.31 (Thu), 21:30,us,개인소비지출 물가지수 (전년비) Sep,,,2.2%,중
10.31 (Thu), 21:30,us,근원 개인소비지출 물가지수 (전년비) Sep,,,2.7%,하
10.31 (Thu), 21:30,us,근원 개인소비지출 물가지수 (전월비) Sep,,,0.1%,상
10.31 (Thu), 21:30,us,고용비용지수 (전분기비) Q3,,,0.9%,중
10.31 (Thu), 21:30,us,고용비용지수-임금 (전분기비) Q3,,,0.9%,중
10.31 (Thu), 21:30,us,고용비용지수-복리후생 (전분기비) Q3,,,1%,중
10.31 (Thu), 20:30,us,챌린저 해고 건수 Oct,,,72.821K,하
10.31 (Thu), 19:00,gb,30년 녹색 국채 경매 ,,,,하
10.31 (Thu), 10:30,cn,NBS 종합 구매관리자지수(PMI) Oct,,,50.4,하
10.31 (Thu), 10:30,cn,NBS 제조업 구매관리자지수(PMI) Oct,,,49.8,상
10.31 (Thu), 10:30,cn,NBS 비제조업 구매관리자지수(PMI) Oct,,,50,중
10.31 (Thu), 08:00,kr,소매 판매 (전월비) Sep,,,1.7%,하
10.31 (Thu), 08:00,kr,산업생산 (전월비) Sep,,,,하
10.31 (Thu), 08:00,kr,산업생산 (전년비) Sep,,,,하
10.31 (Thu), 00:30,us,17주 만기 국채 입찰 ,,,,하
10.30 (Wed), 23:30,us,EIA 가솔린 생산량 변동 Oct/25,,,,하
10.30 (Wed), 23:30,us,EIA 난방유 재고 변동 Oct/25,,,,하
10.30 (Wed), 23:30,us,EIA 정제소 원유 가동량 변동 Oct/25,,,,하
10.30 (Wed), 23:30,us,EIA 원유 수입량 변동 Oct/25,,,,하
10.30 (Wed), 23:30,us,EIA 원유 재고 변동 Oct/25,,,,중
10.30 (Wed), 23:30,us,EIA 쿠싱 원유 재고량 변동 Oct/25,,,,하
10.30 (Wed), 23:30,us,EIA 증류유 생산량 변동 Oct/25,,,,하
10.30 (Wed), 23:30,us,EIA 증류유 재고 변동 Oct/25,,,,하
10.30 (Wed), 23:30,us,EIA 가솔린 재고 변동 Oct/25,,,,중
10.30 (Wed), 23:00,us,잠정주택판매지수 (전년비) Sep,,,,중
10.30 (Wed), 23:00,us,잠정주택판매지수 (전월비) Sep,,,,중
10.30 (Wed), 21:30,us,도매재고 잠정치 (전월비) Sep,,,0.1%,중
10.30 (Wed), 21:30,us,소매 재고 잠정치(자동차 제외) (전월비) Sep,,,,중
10.30 (Wed), 21:30,us,상품 무역수지 속보치 Sep,,,$-94.26B,중
10.30 (Wed), 21:30,us,개인소비지출 물가지수 속보치 (전분기비) Q3,,,2.5%,하
10.30 (Wed), 21:30,us,근원 개인소비지출 물가지수 속보치 (전분기비) Q3,,,2.8%,하
10.30 (Wed), 21:30,us,실질 소비지출 속보치 (전분기비) Q3,,,2.8%,하
10.30 (Wed), 21:30,us,GDP 성장률 속보치 (전분기비) Q3,,,3%,상
10.30 (Wed), 21:30,us,GDP 판매액 속보치 (전분기비) Q3,,,1.9%,하
10.30 (Wed), 21:30,us,GDP 물가지수 속보치 (전분기비) Q3,,,2.5%,중
10.30 (Wed), 21:30,us,국채 재발행 발표 ,,,,하
10.30 (Wed), 21:30,gb,2024년 가을 예산 ,,,,중
10.30 (Wed), 21:15,us,ADP 고용변화 Oct,,,143K,중
10.30 (Wed), 20:00,us,MBA 30년 모기지 금리 Oct/25,,,,하
10.30 (Wed), 20:00,us,MBA 모기지 신청건수 (전주비) Oct/25,,,,하
10.30 (Wed), 20:00,us,MBA 모기지 재융자 지수 Oct/25,,,,하
10.30 (Wed), 20:00,us,MBA 구매 지수 Oct/25,,,,하
10.30 (Wed), 20:00,us,MBA 모기지 시장 지수 Oct/25,,,,하
10.30 (Wed), 05:30,us,API 원유 재고 변화 Oct/25,,,,중
10.30 (Wed), 02:00,us,7년 만기 국채 입찰 ,,,,하
10.30 (Wed), 02:00,us,2년 만기 FRN 입찰 ,,,,하
10.30 (Wed), 00:30,us,52주 만기 국채 입찰 ,,,3.780%,하
10.29 (Tue), 23:30,us,댈러스 연은 서비스 수익 지수 Oct,,,10.1,하
10.29 (Tue), 23:30,us,댈라스 연은 서비스 지수 Oct,,,-2.6,하
10.29 (Tue), 23:00,us,구인·이직 보고서(JOLTs) 직장 이탈수 Sep,,,3.084M,하
10.29 (Tue), 23:00,us,구인·이직 보고서(JOLTs) 채용수 Sep,,,8.04M,상
10.29 (Tue), 23:00,us,컨퍼런스보드 소비자 신뢰지수 Oct,,,98.7,중
10.29 (Tue), 22:00,us,주택가격 지수 (전년비) Aug,,,,하
10.29 (Tue), 22:00,us,S&P/케이스실러 주택가격지수 (전월비) Aug,,,,중
10.29 (Tue), 22:00,us,S&P/케이스실러 주택가격지수 (전년비) Aug,,,,중
10.29 (Tue), 22:00,us,주택가격 지수 (전월비) Aug,,,0.1%,하
10.29 (Tue), 22:00,us,주택가격 지수 Aug,,,,하
10.29 (Tue), 21:55,us,Redbook 지수(전년비) Oct/26,,,,하
10.29 (Tue), 19:00,gb,5년 만기 국채 입찰 ,,,,하
10.29 (Tue), 18:30,gb,모기지 승인건수 Sep,,,64.86K,중
10.29 (Tue), 18:30,gb,BOE 소비자 신용 Sep,,,&pound;1.295B,중
10.29 (Tue), 18:30,gb,M4 통화 공급량 (월간) Sep,,,-0.1%,하
10.29 (Tue), 18:30,gb,개인대출 순여신액 (전월비) Sep,,,&pound;4.2B,하
10.29 (Tue), 18:30,gb,주택담보대출금액 Sep,,,&pound;2.86B,중
10.29 (Tue), 14:00,kr,20년 국고채 경매 ,,,2.975%,하
10.29 (Tue), 04:00,us,국채 재투자 자금 추정 ,,,,하
10.29 (Tue), 02:00,us,5년 만기 국채 입찰 ,,,,하
10.29 (Tue), 02:00,us,2년 만기 국채 입찰 ,,,3.520%,하
10.29 (Tue), 00:30,us,3개월 만기 국채 입찰 ,,,,하
10.29 (Tue), 00:30,us,6개월 만기 국채 입찰 ,,,,하
10.28 (Mon), 23:30,us,댈러스 연은 제조업 활동 지수 Oct,,,-9,중
10.28 (Mon), 14:00,kr,5년 국고채 경매 ,,,2.855%,하
10.27 (Sun), 10:30,cn,산업이익 (YTD) (전년비) Sep,,,0.5%,하
10.26 (Sat), 02:00,us,베이커 휴즈 전체 시추기 가동건수 Oct/25,,,,하
10.26 (Sat), 02:00,us,베이커 휴즈 원유 시추기 가동건수 Oct/25,,,,하
10.25 (Fri), 23:00,us,미시간대 소비자 기대지수 최종 Oct,,72.9,74.4,하
10.25 (Fri), 23:00,us,미시건대 기대 인플레이션 최종 Oct,,2.9%,2.7%,하
10.25 (Fri), 23:00,us,미시건대 소비자 심리지수 최종 Oct,,68.9,70.1,중
10.25 (Fri), 23:00,us,미시건대 경제현황 지수 최종 Oct,,62.7,63.3,하
10.25 (Fri), 23:00,us,미시간대 5년 기대 인플레이션 최종 Oct,,3%,3.1%,하
10.25 (Fri), 21:30,us,비국방재 주문 (항공기제외) (전월비) Sep,,,0.2%,하
10.25 (Fri), 21:30,us,내구재 주문 (전월비) Sep,,,0.0%,상
10.25 (Fri), 21:30,us,비운송 내구재 주문 (전월비) Sep,,,,중
10.25 (Fri), 21:30,us,비국방 내구재 주문 (전월비) Sep,,,-0.2%,하
10.25 (Fri), 19:00,gb,CBI 유통업 지수 Oct,,,,중
10.25 (Fri), 08:01,gb,GFK 소비자 신뢰지수 Oct,,,,중
10.25 (Fri), 05:30,us,연준 대차대조표 Oct/23,,,,하
10.25 (Fri), 02:00,us,5년 만기 TIPS 입찰 ,,,2.050%,하
10.25 (Fri), 01:00,us,15년 만기 모기지 금리 Oct/23,,,,하
10.25 (Fri), 01:00,us,30년 만기 모기지 금리 Oct/23,,,,하
10.25 (Fri), 00:30,us,4주 만기 국채 입찰 ,,,,하
10.25 (Fri), 00:30,us,8주 만기 국채 입찰 ,,,,하
10.25 (Fri), 00:00,us,켄자스 연은 제조업 지수 Oct,,,-18,하
10.25 (Fri), 00:00,us,캔자스 연은 종합 지수 Oct,,,-8,하
10.24 (Thu), 23:30,us,EIA 천연가스재고량 변화 Oct/18,,,,하
10.24 (Thu), 23:00,us,신규주택판매건수 Sep,,,0.716M,중
10.24 (Thu), 23:00,us,신규주택판매건수 (전월비) Sep,,,-4.7%,중
10.24 (Thu), 22:45,us,Fed Hammack 연설 ,,,,중
10.24 (Thu), 22:45,us,S&P글로벌 제조업 구매관리자지수(PMI) 잠정치 Oct,,,47.3,중
10.24 (Thu), 22:45,us,S&P글로벌 서비스업 구매관리자지수(PMI) 잠정치 Oct,,,55.2,중
10.24 (Thu), 22:45,us,S&P글로벌 종합 구매관리자지수(PMI) 잠정치 Oct,,,54,중
10.24 (Thu), 21:30,us,시카고 연은 국가활동지수 Sep,,,0.12,중
10.24 (Thu), 21:30,us,신규 실업수당 신청건수 Oct/19,,,,중
10.24 (Thu), 21:30,us,실업수당 청구건수 4주 평균 Oct/19,,,,하
10.24 (Thu), 21:30,us,계속 실업수당 청구건수 Oct/12,,,,하
10.24 (Thu), 21:00,us,건축 허가 최종 (전월비) Sep,,,4.6%,하
10.24 (Thu), 21:00,us,건축 허가 최종 Sep,,,1.470M,하
10.24 (Thu), 19:00,gb,CBI 기업낙관지수 Q4,,,-9,중
10.24 (Thu), 19:00,gb,CBI 산업수주동향 Oct,,,-35,중
10.24 (Thu), 17:30,gb,S&P 글로벌 종합 PMI 플래시 Oct,,,52.6,중
10.24 (Thu), 17:30,gb,노동 생산성 최종(전분기비) Q2,,,,하
10.24 (Thu), 17:30,gb,S&P 글로벌 제조업 PMI 플래시 Oct,,,51.5,중
10.24 (Thu), 17:30,gb,S&P 글로벌 서비스 PMI 플래시 Oct,,,52.4,중
10.24 (Thu), 08:01,gb,자동차 생산 (전년비) Sep,,,,하
10.24 (Thu), 08:00,kr,GDP 성장률 속보치 (전분기비) Q3,,,,중
10.24 (Thu), 08:00,kr,경제성장률(YoY) 추정 Q3,,,,중
10.24 (Thu), 06:00,kr,기업신뢰지수 Oct,,,69,중
10.24 (Thu), 03:00,us,베이지북 ,,,,하
10.24 (Thu), 02:00,us,20년 만기 국채 입찰 ,,,,하
10.24 (Thu), 00:30,us,17주 만기 국채 입찰 ,,,,하
10.23 (Wed), 23:30,us,EIA 증류유 재고 변동 Oct/18,,,,하
10.23 (Wed), 23:30,us,EIA 가솔린 생산량 변동 Oct/18,,,,하
10.23 (Wed), 23:30,us,EIA 난방유 재고 변동 Oct/18,,,,하
10.23 (Wed), 23:30,us,EIA 정제소 원유 가동량 변동 Oct/18,,,,하
10.23 (Wed), 23:30,us,EIA 원유 재고 변동 Oct/18,,,,중
10.23 (Wed), 23:30,us,EIA 원유 수입량 변동 Oct/18,,,,하
10.23 (Wed), 23:30,us,EIA 증류유 생산량 변동 Oct/18,,,,하
10.23 (Wed), 23:30,us,EIA 쿠싱 원유 재고량 변동 Oct/18,,,,하
10.23 (Wed), 23:30,us,EIA 가솔린 재고 변동 Oct/18,,,,중
10.23 (Wed), 23:00,us,기존주택판매 Sep,,,,중
10.23 (Wed), 23:00,us,기존주택판매 (전월비) Sep,,,-2.5%,중
10.23 (Wed), 20:00,us,MBA 모기지 신청건수 (전주비) Oct/18,,,,하
10.23 (Wed), 20:00,us,MBA 30년 모기지 금리 Oct/18,,,,하
10.23 (Wed), 20:00,us,MBA 모기지 재융자 지수 Oct/18,,,,하
10.23 (Wed), 20:00,us,MBA 구매 지수 Oct/18,,,,하
10.23 (Wed), 20:00,us,MBA 모기지 시장 지수 Oct/18,,,,하
10.23 (Wed), 18:00,gb,3년 만기 국채 입찰 ,,,4.068%,하
10.23 (Wed), 06:00,kr,소비자 신뢰지수 Oct,,,100,중
10.23 (Wed), 05:30,us,API 원유 재고 변화 Oct/18,,,,중
10.23 (Wed), 02:00,us,화폐공급 Sep,,,$21.18T,하
10.22 (Tue), 23:00,us,리치몬드 연준 서비스 수익 지수 Oct,,,-1,하
10.22 (Tue), 23:00,us,리치몬드 연준 제조업 지수 Oct,,,-21,하
10.22 (Tue), 23:00,us,리치몬드 연은 제조업 출하 지수 Oct,,,,하
10.22 (Tue), 21:55,us,Redbook 지수(전년비) Oct/19,,,,하
10.22 (Tue), 18:00,gb,20년 만기 인덱스 링크 국채 경매 ,,,1.200%,하
10.22 (Tue), 15:00,gb,공공부문 순채무액 (은행 제외) Sep,,,&pound;-13.73B,하
10.22 (Tue), 15:00,gb,공공부문 순채무액 Sep,,,&pound;-13.73B,하
10.22 (Tue), 06:05,us,Fed 슈미트 연설 ,,,,중
10.22 (Tue), 06:00,kr,생산자 물가지수(PPI) (전년비) Sep,,,,하
10.22 (Tue), 06:00,kr,생산자 물가지수(PPI) (전월비) Sep,,,-0.1%,하
10.22 (Tue), 02:00,us,연준 Kaskhari 성명 ,,,,중
10.22 (Tue), 00:30,us,3개월 만기 국채 입찰 ,,,,하
10.22 (Tue), 00:30,us,6개월 만기 국채 입찰 ,,,,하
10.21 (Mon), 23:00,us,컨퍼런스보드 경기선행지수 (전월비) Sep,,,,하
10.21 (Mon), 14:00,kr,10년 만기 KTB 경매 ,,,3%,하
10.21 (Mon), 10:15,cn,5년 만기 대출 우대 금리 Oct,,,3.85%,중
10.21 (Mon), 10:15,cn,1년 만기 대출 우대 금리 ,,,3.35%,중
10.20 (Sun), 17:40,cn,외국인 직접 투자 (YTD) (전년비) Sept,,,-31.5%,중
10.19 (Sat), 02:00,us,베이커 휴즈 전체 시추기 가동건수 Oct/18,,,586,하
10.19 (Sat), 02:00,us,베이커 휴즈 원유 시추기 가동건수 Oct/18,,,481,하
10.19 (Sat), 01:30,us,Fed Bostic 연설 ,,,,중
10.19 (Sat), 01:10,us,연준 월러 연설 ,,,,중
10.18 (Fri), 23:00,us,연준 Kaskhari 성명 ,,,,중
10.18 (Fri), 22:30,us,Fed Bostic 연설 ,,,,중
10.18 (Fri), 21:30,us,주택착공건수 (전월비) Sep,,,9.6%,중
10.18 (Fri), 21:30,us,건축 허가 잠정치 Sep,,1.46M,1.470M,상
10.18 (Fri), 21:30,us,건축 허가 잠정치 (전월비) Sep,,,4.6%,중
10.18 (Fri), 21:30,us,주택착공건수 Sep,,1.36M,1.356M,중
10.18 (Fri), 15:00,gb,소매 판매 (전월비) Sep,,-0.3%,1%,상
10.18 (Fri), 15:00,gb,소매 판매 (전년비) Sep,,,2.5%,중
10.18 (Fri), 15:00,gb,소매 판매(유류 제외) (전년비) Sep,,,2.3%,하
10.18 (Fri), 15:00,gb,소매 판매(유류 제외) (전월비) Sep,,,1.1%,중
10.18 (Fri), 14:00,kr,50년 만기 국채 경매 ,,,2.77%,하
10.18 (Fri), 11:00,cn,NBS 기자 회견 ,,,,하
10.18 (Fri), 11:00,cn,설비 가동률 Q3,,,74.9%,하
10.18 (Fri), 11:00,cn,GDP 성장률 (전분기비) Q3,,,0.7%,중
10.18 (Fri), 11:00,cn,GDP 성장률 (전년비) Q3,,4.6%,4.7%,상
10.18 (Fri), 11:00,cn,연간 소매 판매 Sep,,2.4%,2.1%,상
10.18 (Fri), 11:00,cn,산업생산 (전년비) Sep,,4.6%,4.5%,상
10.18 (Fri), 11:00,cn,고정 자산 투자 (YTD) (전년비) Sep,,3.3%,3.4%,중
10.18 (Fri), 11:00,cn,실업률 Sep,,5.3%,5.3%,중
10.18 (Fri), 10:30,cn,주택가격지수 (전년비) Sep,,,-5.3%,중
10.18 (Fri), 05:30,us,연준 대차대조표 Oct/16,,,$7.05T,하
10.18 (Fri), 05:00,us,외국인 채권 투자액 Aug,,,$55.9B,하
10.18 (Fri), 05:00,gb,BoE Woods 연설 ,,,,하
10.18 (Fri), 05:00,us,총 순자본 유출입 Aug,,,$156.5B,하
10.18 (Fri), 05:00,us,국제자본유출입 장기순거래 Aug,,,$135.4B,중
10.18 (Fri), 01:00,us,15년 만기 모기지 금리 Oct/16,,,5.41%,하
10.18 (Fri), 01:00,us,30년 만기 모기지 금리 Oct/16,,,6.32%,하
10.18 (Fri), 00:30,us,4주 만기 국채 입찰 ,,,4.750%,하
10.18 (Fri), 00:30,us,8주 만기 국채 입찰 ,,,4.640%,하
10.18 (Fri), 00:00,us,Fed Goolsbee 연설 ,,,,중
10.18 (Fri), 00:00,us,EIA 가솔린 생산량 변동 Oct/11,,,0.627M,하
10.18 (Fri), 00:00,us,EIA 난방유 재고 변동 Oct/11,,,0.497M,하
10.18 (Fri), 00:00,us,EIA 정제소 원유 가동량 변동 Oct/11,,,-0.101M,하
10.18 (Fri), 00:00,us,EIA 원유 수입량 변동 Oct/11,,,-0.305M,하
10.18 (Fri), 00:00,us,EIA 원유 재고 변동 Oct/11,,,5.810M,중
10.18 (Fri), 00:00,us,EIA 쿠싱 원유 재고량 변동 Oct/11,,,1.247M,하
10.18 (Fri), 00:00,us,EIA 증류유 생산량 변동 Oct/11,,,0.194M,하
10.18 (Fri), 00:00,us,EIA 증류유 재고 변동 Oct/11,,,-3.124M,하
10.18 (Fri), 00:00,us,EIA 가솔린 재고 변동 Oct/11,,,-6.304M,중
10.17 (Thu), 23:30,us,EIA 천연가스재고량 변화 Oct/11,,,82Bcf,하
10.17 (Thu), 23:00,us,소매 재고(자동차 제외) (전월비) Aug,,0.4%,0.5%,하
10.17 (Thu), 23:00,us,NAHB 주택시장지수 Oct,,43,41,중
10.17 (Thu), 23:00,us,기업 재고 (전월비) Aug,,0.3%,0.4%,중
10.17 (Thu), 22:15,us,산업생산 (전월비) Sep,,-0.1%,0.8%,중
10.17 (Thu), 22:15,us,산업생산 (YOY) Sep,,,0%,하
10.17 (Thu), 22:15,us,제조업 생산 (전년비) Sep,,,0.2%,하
10.17 (Thu), 22:15,us,설비 가동률 Sep,,77.8%,78%,하
10.17 (Thu), 22:15,us,제조업 생산량 (전월비) Sep,,,0.9%,하
10.17 (Thu), 21:30,us,필라델피아 연은 고용 지수 Oct,,,10.7,하
10.17 (Thu), 21:30,us,필라델피아 연은 자본적지출 지수 Oct,,,25,하
10.17 (Thu), 21:30,us,필라델피아 연은 제조업 지수 Oct,,3,1.7,중
10.17 (Thu), 21:30,us,필라델피아 연은 경기 지수 Oct,,,15.8,하
10.17 (Thu), 21:30,us,소매 판매(가스/자동차 제외) (전월비) Sep,,,0.2%,하
10.17 (Thu), 21:30,us,소매 판매 (전년비) Sep,,,2.1%,하
10.17 (Thu), 21:30,us,소매 판매 (자동차 제외) (전월비) Sep,,0.1%,0.1%,중
10.17 (Thu), 21:30,us,소매 판매 (전월비) Sep,,0.3%,0.1%,상
10.17 (Thu), 21:30,us,계속 실업수당 청구건수 Oct/05,,,1861K,하
10.17 (Thu), 21:30,us,실업수당 청구건수 4주 평균 Oct/12,,,231K,하
10.17 (Thu), 21:30,us,신규 실업수당 신청건수 Oct/12,,241K,258K,중
10.17 (Thu), 21:30,us,필라델피아 연은 지불가격 지수 Oct,,,34,하
10.17 (Thu), 21:30,us,필라델피아 연은 신규주문  지수 Oct,,,-1.5,하
10.17 (Thu), 05:30,us,API 원유 재고 변화 Oct/11,,,10.9M,중
10.17 (Thu), 00:30,us,17주 만기 국채 입찰 ,,,4.430%,하
10.16 (Wed), 21:30,us,수출물가지수 (전월비) Sep,,,-0.7%,중
10.16 (Wed), 21:30,us,수입물가지수 (전월비) Sep,,-0.3%,-0.3%,중
10.16 (Wed), 21:30,us,수출물가지수 (전년비) Sep,,,-0.7%,하
10.16 (Wed), 21:30,us,수입물가지수 (전년비) Sep,,,0.8%,하
10.16 (Wed), 20:00,us,MBA 30년 모기지 금리 Oct/11,,,6.36%,하
10.16 (Wed), 20:00,us,MBA 모기지 신청건수 (전주비) Oct/11,,,-5.1%,하
10.16 (Wed), 20:00,us,MBA 모기지 재융자 지수 Oct/11,,,997.3,하
10.16 (Wed), 20:00,us,MBA 구매 지수 Oct/11,,,149.2,하
10.16 (Wed), 20:00,us,MBA 모기지 시장 지수 Oct/11,,,277.5,하
10.16 (Wed), 18:00,gb,7년만기 국채 금채 경매 ,,,3.814%,하
10.16 (Wed), 15:00,gb,소매물가지수 (전월비) Sep,,,0.6%,하
10.16 (Wed), 15:00,gb,인플레이션율 (전년비) Sep,,1.9%,2.2%,상
10.16 (Wed), 15:00,gb,근원 인플레이션율 (전년비) Sep,,3.5%,3.6%,중
10.16 (Wed), 15:00,gb,인플레이션율 (전월비) Sep,,,0.3%,중
10.16 (Wed), 15:00,gb,산출 생산자물가지수(PPI) (전년비) Sep,,,0.2%,하
10.16 (Wed), 15:00,gb,투입 생산자물가지수(PPI) (전년비) Sep,,,-1.2%,하
10.16 (Wed), 15:00,gb,투입 생산자물가지수(PPI) (전월비) Sep,,-0.5%,-0.5%,하
10.16 (Wed), 15:00,gb,산출 생산자물가지수(PPI) (전월비) Sep,,-0.3%,-0.3%,하
10.16 (Wed), 15:00,gb,근원 산출 생산자물가지수(PPI) (전월비) Sep,,,0.1%,하
10.16 (Wed), 15:00,gb,근원 산출 생산자물가지수(PPI) (전년비) Sep,,,1.3%,하
10.16 (Wed), 15:00,gb,근원 인플레이션율 (전월비) Sep,,,0.4%,하
10.16 (Wed), 15:00,gb,소매물가지수 (전년비) Sep,,3.1%,3.5%,하
10.16 (Wed), 08:00,us,Fed Bostic 연설 ,,,,중
10.16 (Wed), 08:00,kr,실업률 Sep,,,2.4%,중
10.16 (Wed), 03:00,us,월간 예산 보고 Sep,,$61B,$-380B,중
10.16 (Wed), 02:00,us,Fed Kugler 연설 ,,,,중
10.16 (Wed), 01:00,us,세계 유제품 무역 가격 지수 ,,,,하
10.16 (Wed), 00:30,us,3개월 만기 국채 입찰 ,,,4.550%,하
10.16 (Wed), 00:30,us,Fed Daly 연설 ,,,,중
10.16 (Wed), 00:30,us,6개월 만기 국채 입찰 ,,,4.305%,하
10.16 (Wed), 00:00,us,소비자 기대 인플레이션 Sep,,,3%,하
10.15 (Tue), 21:55,us,Redbook 지수(전년비) Oct/12,,,5.4%,하
10.15 (Tue), 21:30,us,뉴욕 엠파이어 스테이트 제조업 지수 Oct,,2.3,11.5,중
10.15 (Tue), 18:00,gb,30년 만기 국채 입찰 ,,,4.329%,하
10.15 (Tue), 15:00,gb,3개월 고용변화  Aug,,,265K,중
10.15 (Tue), 15:00,gb,실업률 Aug,,4.1%,4.1%,상
10.15 (Tue), 15:00,gb,3개월 평균 임금 (상여 제외) (전년비) Aug,,5%,5.1%,하
10.15 (Tue), 15:00,gb,3개월 평균 임금 (상여 포함) (전년비) Aug,,,4%,중
10.15 (Tue), 15:00,gb,HMRC 고용수 변화 Sep,,,-59K,하
10.15 (Tue), 15:00,gb,실업수당청구 변동 Sep,,20.2K,23.7K,하
10.15 (Tue), 14:00,kr,2년 만기 국채입찰 ,,,2.935%,하
10.15 (Tue), 10:30,cn,PBoC 1년 만기 MLF (중기유동성지원창구) 금리 ,,,2.0%,하
10.15 (Tue), 06:00,kr,수입물가지수 (전년비) Sep,,,1.8%,하
10.15 (Tue), 06:00,kr,수출물가지수 (전년비) Sep,,,5.7%,하
10.15 (Tue), 06:00,us,연준 Kaskhari 성명 ,,,,중
10.15 (Tue), 04:00,us,연준 월러 연설 ,,,,중
10.14 (Mon), 22:00,us,연준 Kaskhari 성명 ,,,,중
10.14 (Mon), 17:30,gb,영국은행 Dhingra 연설 ,,,,하
10.14 (Mon), 17:00,cn,대출 잔액 증감 (전년비) Sep,,8.3%,8.5%,하
10.14 (Mon), 17:00,cn,광의통화량 M2 (전년비) Sep,,6.4%,6.3%,하
10.14 (Mon), 17:00,cn,신규 위안화 대출 Sep,,CNY1100B,CNY900B,중
10.14 (Mon), 17:00,cn,사회융자총액 Sep,,CNY3730B,CNY3030B,하
10.14 (Mon), 14:00,kr,3년 만기 국채입찰 ,,,2.875%,하
10.14 (Mon), 12:00,cn,수출액 (전년비) Sep,,6%,8.7%,중
10.14 (Mon), 12:00,cn,무역수지 Sep,,$89.8B,$91.02B,상
10.14 (Mon), 12:00,cn,수입액 (전년비) Sep,,0.9%,0.5%,중
10.14 (Mon), 09:00,us,콜럼버스의 날 ,,,,하
10.13 (Sun), 12:15,cn,차량 판매 (전년비) Sep,-1.7%,,-5.0%,하
10.13 (Sun), 10:30,cn,인플레이션율 (전년비) Sep,0.4%,0.6%,0.6%,상
10.13 (Sun), 10:30,cn,생산자 물가지수(PPI) (전년비) Sep,-2.8%,-2.5%,-1.8%,중
10.13 (Sun), 10:30,cn,인플레이션율 (전월비) Sep,0.0%,0.4%,0.4%,중
10.12 (Sat), 11:00,cn,China Finance Minister Conference ,,,,중
10.12 (Sat), 09:00,cn,국경일 골든 위크 ,,,,하
10.12 (Sat), 02:10,us,Fed 보우먼 연설 ,,,,중
10.12 (Sat), 02:00,us,베이커 휴즈 전체 시추기 가동건수 Oct/11,586,,585,하
10.12 (Sat), 02:00,us,베이커 휴즈 원유 시추기 가동건수 Oct/11,481,,479,하
10.12 (Sat), 01:00,us,WASDE 보고서 ,,,,하
10.11 (Fri), 23:00,us,미시건대 기대 인플레이션 잠정치 Oct,2.9%,,2.7%,하
10.11 (Fri), 23:00,us,미시건대 5년 기대 인플레이션 잠정치 Oct,3%,,3.1%,하
10.11 (Fri), 23:00,us,미시건대 소비자 심리지수 잠정치 Oct,68.9,70.8,70.1,상
10.11 (Fri), 23:00,us,미시건대 소비자 기대지수 잠정치 Oct,72.9,75,74.4,하
10.11 (Fri), 23:00,us,미시건대 경제현황 지수 잠정치 Oct,62.7,64.3,63.3,하
10.11 (Fri), 22:45,us,Fed Goolsbee 연설 ,,,,중
10.11 (Fri), 21:30,us,생산자 물가지수(PPI) (전월비) Sep,0%,0.1%,0.2%,상
10.11 (Fri), 21:30,us,생산자 물가지수(PPI) (전년비) Sep,1.8%,1.6%,1.9%,하
10.11 (Fri), 21:30,us,근원 생산자 물가지수 (전년비) Sep,2.8%,2.7%,2.6%,하
10.11 (Fri), 21:30,us,"PPI Ex 식품, 에너지 및 무역(월간) Sep",0.1%,0.2%,0.2%,하
10.11 (Fri), 21:30,us,"PPI Ex 식품, 에너지 및 무역(연간) Sep",3.2%,,3.3%,하
10.11 (Fri), 21:30,gb,NIESR 월간 GDP 추적 Sep,0.2%,,0.2%,하
10.11 (Fri), 21:30,us,PPI Sep,145.173,,145.103,하
10.11 (Fri), 21:30,us,근원 생산자 물가지수 (전월비) Sep,0.2%,0.2%,0.3%,중
10.11 (Fri), 15:00,gb,상품 무역수지 Aug,&pound;-15.06B,&pound;-19.3B,&pound;-18.87B,중
10.11 (Fri), 15:00,gb,월간 GDP 성장률 (전년비) Aug,1%,1.4%,0.9%,하
10.11 (Fri), 15:00,gb,상품 무역수지(비EU국) Aug,&pound;-4.95B,,&pound;-6.85B,중
10.11 (Fri), 15:00,gb,무역수지 Aug,&pound;-0.955B,,&pound;-4.712B,하
10.11 (Fri), 15:00,gb,제조업 생산 (전월비) Aug,1.1%,0.2%,-1.2%,중
10.11 (Fri), 15:00,gb,제조업 생산 (전년비) Aug,-0.3%,-0.4%,-2%,하
10.11 (Fri), 15:00,gb,산업생산 (전월비) Aug,0.5%,0.2%,-0.7%,중
10.11 (Fri), 15:00,gb,산업생산 (전년비) Aug,-1.6%,-0.5%,-2.2%,하
10.11 (Fri), 15:00,gb,건설 산출량 (전년비) Aug,0.3%,-0.3%,-1.4%,하
10.11 (Fri), 15:00,gb,월간 GDP 성장률 (전월비) Aug,0.2%,0.2%,0%,상
10.11 (Fri), 15:00,gb,3개월 평균 GDP 증가율 Aug,0.2%,0.3%,0.3%,중
10.11 (Fri), 10:00,kr,기준금리 결정 ,3.25%,3.25%,3.5%,중
10.11 (Fri), 05:30,us,연준 대차대조표 Oct/9,$7.05T,,$7.05T,하
10.11 (Fri), 02:00,us,30년물 채권 입찰 ,4.389%,,4.015%,중
10.11 (Fri), 01:00,us,15년 만기 모기지 금리 Oct/09,5.41%,,5.25%,하
10.11 (Fri), 01:00,us,30년 만기 모기지 금리 Oct/09,6.32%,,6.12%,하
10.11 (Fri), 00:30,us,4주 만기 국채 입찰 ,4.750%,,4.755%,하
10.11 (Fri), 00:30,us,8주 만기 국채 입찰 ,4.640%,,4.655%,하
10.10 (Thu), 23:30,us,EIA 천연가스재고량 변화 Oct/04,82Bcf,71Bcf,55Bcf,하
10.10 (Thu), 22:15,us,Fed's Lisa Cook ,,,,중
10.10 (Thu), 21:30,us,소비자 물가지수(CPI) (계절조정) Sep,314.686,,314.121,중
10.10 (Thu), 21:30,us,신규 실업수당 신청건수 Oct/05,258K,230K,225K,중
10.10 (Thu), 21:30,us,실업수당 청구건수 4주 평균 Oct/05,231K,,224.25K,하
10.10 (Thu), 21:30,us,계속 실업수당 청구건수 Sep/28,1861K,1830K,1819K,하
10.10 (Thu), 21:30,us,PPI Sep,,,144.854,하
10.10 (Thu), 21:30,us,소비자 물가지수(CPI) Sep,315.3,314.86,314.8,중
10.10 (Thu), 21:30,us,소비자물가지수 (CPI) (전년비) Sep,2.4%,2.3%,2.5%,상
10.10 (Thu), 21:30,us,근원 소비자물가지수 (CPI) (전년비) Sep,3.3%,3.2%,3.2%,상
10.10 (Thu), 21:30,us,소비자물가지수 (CPI) (전월비) Sep,0.2%,0.1%,0.2%,상
10.10 (Thu), 21:30,us,근원 소비자물가지수 (CPI) (전월비) Sep,0.3%,0.2%,0.3%,상
10.10 (Thu), 08:01,gb,RICS 주택가격지수 Sep,11%,4%,0%,하
10.10 (Thu), 07:00,us,Fed Daly 연설 ,,,,중
10.10 (Thu), 06:00,us,Fed 콜린스 연설 ,,,,중
10.10 (Thu), 03:00,us,FOMC 회의록 ,,,,상
10.10 (Thu), 02:00,us,10년물 국채 입찰 ,4.066%,,3.648%,중
10.10 (Thu), 01:30,us,연방 제퍼슨 연설 ,,,,중
10.10 (Thu), 01:15,us,Fed Barkin 연설 ,,,,중
10.10 (Thu), 00:30,us,17주 만기 국채 입찰 ,4.430%,,4.410%,하
10.10 (Thu), 00:00,us,연준 Williams 성명 ,,,,중
10.09 (Wed), 23:45,us,Fed 로건 연설 ,,,,중
10.09 (Wed), 23:30,us,Fed Goolsbee 연설 ,,,,중
10.09 (Wed), 23:30,us,EIA 가솔린 생산량 변동 Oct/04,0.627M,,-0.235M,하
10.09 (Wed), 23:30,us,EIA 난방유 재고 변동 Oct/04,0.497M,,-0.277M,하
10.09 (Wed), 23:30,us,EIA 정제소 원유 가동량 변동 Oct/04,-0.101M,,-0.662M,하
10.09 (Wed), 23:30,us,EIA 원유 재고 변동 Oct/04,5.810M,2M,3.889M,중
10.09 (Wed), 23:30,us,EIA 원유 수입량 변동 Oct/04,-0.305M,,0.191M,하
10.09 (Wed), 23:30,us,EIA 증류유 생산량 변동 Oct/04,0.194M,,-0.104M,하
10.09 (Wed), 23:30,us,Fed Barkin 연설 ,,,,중
10.09 (Wed), 23:30,us,EIA 쿠싱 원유 재고량 변동 Oct/04,1.247M,,0.84M,하
10.09 (Wed), 23:30,us,EIA 가솔린 재고 변동 Oct/04,-6.304M,-1.1M,1.119M,중
10.09 (Wed), 23:30,us,EIA 증류유 재고 변동 Oct/04,-3.124M,-1.75M,-1.284M,하
10.09 (Wed), 23:00,us,도매재고 (전월비) Aug,0.1%,0.2%,0.2%,하
10.09 (Wed), 22:15,us,Fed 로건 연설 ,,,,중
10.09 (Wed), 20:00,us,MBA 모기지 재융자 지수 Oct/04,997.3,,1099.5,하
10.09 (Wed), 20:00,us,MBA 모기지 신청건수 (전주비) Oct/04,-5.1%,,-1.3%,하
10.09 (Wed), 20:00,us,MBA 30년 모기지 금리 Oct/04,6.36%,,6.14%,하
10.09 (Wed), 20:00,us,MBA 구매 지수 Oct/04,149.2,,149.3,하
10.09 (Wed), 20:00,us,MBA 모기지 시장 지수 Oct/04,277.5,,292.3,하
10.09 (Wed), 18:00,gb,10년 만기 국채 입찰 ,4.170%,,3.757%,하
10.09 (Wed), 09:00,kr,한글날 ,,,,하
10.09 (Wed), 08:30,us,연방 제퍼슨 연설 ,,,,중
10.09 (Wed), 05:30,us,API 원유 재고 변화 Oct/04,10.9M,1.95M,-1.458M,중
10.09 (Wed), 05:00,us,Fed 콜린스 연설 ,,,,중
10.09 (Wed), 02:00,us,3년 만기 국채 입찰 ,3.878%,,3.440%,하
10.09 (Wed), 01:45,us,Fed Bostic 연설 ,,,,중
10.09 (Wed), 00:30,us,42 일 빌 경매 ,4.720%,,4.410%,하
10.08 (Tue), 23:10,us,RCM/TIPP 경제 낙관 지수 Oct,46.9,47.2,46.1,중
10.08 (Tue), 21:55,us,Redbook 지수(전년비) Oct/05,5.4%,,5.3%,하
10.08 (Tue), 21:30,us,수출액 Aug,$271.8B,,$266.5B,중
10.08 (Tue), 21:30,us,수입액 Aug,$342.2B,,$345.4B,중
10.08 (Tue), 21:30,us,무역수지 Aug,$-70.4B,$-70.6B,$-78.9B,중
10.08 (Tue), 19:00,us,NFIB 기업낙관지수 Sep,91.5,91.7,91.2,하
10.08 (Tue), 18:00,gb,15년 만기 지표 연동 트레저리 금식 경매 ,1.044%,,1.053%,하
10.08 (Tue), 16:00,us,Fed Kugler 연설 ,,,,중
10.08 (Tue), 11:00,cn,국가개발 및 개혁위원회 브리핑 ,,,,상
10.08 (Tue), 08:01,gb,BRC 소매 판매 (전년비) Sep,1.7%,,0.8%,중
10.08 (Tue), 08:00,kr,경상수지 Aug,$6.6B,,$8.97B,하
10.08 (Tue), 07:30,us,연방은행 무살렘 연설 ,,,,중
10.08 (Tue), 07:00,us,Fed Bostic 연설 ,,,,중
10.08 (Tue), 04:00,us,소비자 신용 변화 Aug,$8.93B,$12B,$26.63B,하
10.08 (Tue), 02:50,us,연준 Kaskhari 성명 ,,,,중
10.08 (Tue), 02:00,us,Fed 보우먼 연설 ,,,,중
10.08 (Tue), 00:30,us,3개월 만기 국채 입찰 ,4.550%,,4.500%,하
10.08 (Tue), 00:30,us,6개월 만기 국채 입찰 ,4.305%,,4.215%,하
10.07 (Mon), 22:15,us,중고차 가격 (전년비) Sep,-5.3%,,-3.9%,하
10.07 (Mon), 22:15,us,중고차 가격 (전월비) Sep,-0.5%,,1.2%,하
10.07 (Mon), 18:00,gb,BBA 모기지 금리 Sep,7.69%,,7.83%,하
10.07 (Mon), 16:05,cn,외환 보유고 Sep,$3.316T,$3.30T,$3.288T,하
10.07 (Mon), 15:00,gb,Halifax 주택가격지수(전년비) Sep,4.7%,,4.3%,중
10.07 (Mon), 15:00,gb,Halifax 주택가격지수(전월비) Sep,0.3%,0.2%,0.3%,중
10.07 (Mon), 14:00,kr,30년 만기 국채 경매 ,,,,하
10.07 (Mon), 09:00,cn,국경일 골든 위크 ,,,,하
10.07 (Mon), 06:00,kr,외환 보유고 Sep,$419.97B,,$415.92B,하
10.06 (Sun), 09:00,cn,국경일 골든 위크 ,,,,하
10.05 (Sat), 09:00,cn,국경일 골든 위크 ,,,,하
10.05 (Sat), 02:00,us,베이커 휴즈 전체 시추기 가동건수 Oct/04,585,,587,하
10.05 (Sat), 02:00,us,베이커 휴즈 원유 시추기 가동건수 Oct/04,479,484,484,하
10.04 (Fri), 22:00,us,연준 Williams 성명 ,,,,중
10.04 (Fri), 21:30,us,비농업 고용수 (전월비) Sep,254K,140K,159K,상
10.04 (Fri), 21:30,us,실업률 Sep,4.1%,4.2%,4.2%,상
10.04 (Fri), 21:30,us,제조업 고용수 (전월비) Sep,-7K,-5K,-27K,하
10.04 (Fri), 21:30,us,경제활동참가율 Sep,62.7%,62.7%,62.7%,중
10.04 (Fri), 21:30,us,시간당 평균 임금 Sep,34.2,34.3,34.3,하
10.04 (Fri), 21:30,us,U-6 실업률 ,7.7%,,7.9%,하
10.04 (Fri), 21:30,us,시간당 평균 임금 (전월비) Sep,0.4%,0.3%,0.5%,중
10.04 (Fri), 21:30,us,공무원 고용수 (전월비) Sep,31K,,45K,하
10.04 (Fri), 21:30,us,비농업 민간 고용수 (전월비) Sep,223K,125K,114K,하
10.04 (Fri), 21:30,us,시간당 평균 임금 (전년비) ,4%,3.8%,3.9%,중
10.04 (Fri), 17:30,gb,S&P 글로벌 건설 PMI Sep,57.2,53.1,53.6,중
10.04 (Fri), 17:00,gb,신차 판매 대수 (전년비) Sep,1.0%,,-1.3%,하
10.04 (Fri), 16:55,gb,BoE Pill 연설 ,,,,하
10.04 (Fri), 09:00,cn,국경일 골든 위크 ,,,,하
10.04 (Fri), 05:30,us,연준 대차대조표 Oct/2,$7.05T,,$7.08T,하
10.04 (Fri), 01:00,us,15년 만기 모기지 금리 Oct/02,5.25%,,5.16%,하
10.04 (Fri), 01:00,us,30년 만기 모기지 금리 Oct/02,6.12%,,6.08%,하
10.04 (Fri), 00:30,us,8주 만기 국채 입찰 ,4.655%,,4.650%,하
10.04 (Fri), 00:30,us,4주 만기 국채 입찰 ,4.755%,,4.7%,하
10.03 (Thu), 23:40,us,Fed Bostic 연설 ,,,,중
10.03 (Thu), 23:30,us,EIA 천연가스재고량 변화 Sep/27,55Bcf,57Bcf,47Bcf,하
10.03 (Thu), 23:00,us,공장주문 (전월비) Aug,-0.2%,0%,4.9%,중
10.03 (Thu), 23:00,us,비운송 공장주문 (전월비) Aug,-0.1%,,0.3%,하
10.03 (Thu), 23:00,us,ISM 서비스업 구매관리자지수(PMI) Sep,54.9,51.7,51.5,상
10.03 (Thu), 23:00,us,ISM 서비스 고용 Sep,48.1,,50.2,하
10.03 (Thu), 23:00,us,ISM 서비스업 신규주문 지수 Sep,59.4,,53,하
10.03 (Thu), 23:00,us,ISM 서비스업 물가 지수 Sep,59.4,56.3,57.3,하
10.03 (Thu), 23:00,us,ISM 서비스업 경제활동 지수 Sep,59.9,,53.3,하
10.03 (Thu), 22:45,us,S&P글로벌 종합 구매관리자지수(PMI) 최종 Sep,54,54.4,54.6,중
10.03 (Thu), 22:45,us,S&P글로벌 서비스업 구매관리자지수(PMI) 최종 Sep,55.2,55.4,55.7,중
10.03 (Thu), 21:30,us,실업수당 청구건수 4주 평균 Sep/28,224.25K,,225K,하
10.03 (Thu), 21:30,us,신규 실업수당 신청건수 Sep/28,225K,220K,219K,중
10.03 (Thu), 21:30,us,계속 실업수당 청구건수 Sep/21,1826K,,1827K,하
10.03 (Thu), 20:30,us,챌린저 해고 건수 Sep,72.821K,,75.891K,하
10.03 (Thu), 17:30,gb,S&P 글로벌 서비스 PMI 최종 Sep,52.4,52.8,53.7,중
10.03 (Thu), 17:30,gb,S&P 글로벌 종합 PMI 최종 Sep,52.6,52.9,53.8,하
10.03 (Thu), 17:00,gb,BoE Benford 연설 ,,,,하
10.03 (Thu), 09:00,kr,건국 기념일 ,,,,하
10.03 (Thu), 09:00,cn,국경일 골든 위크 ,,,,하
10.03 (Thu), 01:15,us,Fed Barkin 연설 ,,,,중
10.03 (Thu), 00:30,us,17주 만기 국채 입찰 ,4.410%,,4.430%,하
10.03 (Thu), 00:00,us,Fed 보우먼 연설 ,,,,중
10.02 (Wed), 23:30,us,EIA 가솔린 생산량 변동 Sep/27,-0.235M,,0.176M,하
10.02 (Wed), 23:30,us,EIA 난방유 재고 변동 Sep/27,-0.277M,,0.191M,하
10.02 (Wed), 23:30,us,EIA 정제소 원유 가동량 변동 Sep/27,-0.662M,,-0.124M,하
10.02 (Wed), 23:30,us,EIA 원유 재고 변동 Sep/27,3.889M,-1.3M,-4.471M,중
10.02 (Wed), 23:30,us,EIA 원유 수입량 변동 Sep/27,0.191M,,0.826M,하
10.02 (Wed), 23:30,us,EIA 증류유 생산량 변동 Sep/27,-0.104M,,-0.158M,하
10.02 (Wed), 23:30,us,EIA 쿠싱 원유 재고량 변동 Sep/27,0.84M,,0.116M,하
10.02 (Wed), 23:30,us,EIA 가솔린 재고 변동 Sep/27,1.119M,-0.1M,-1.538M,중
10.02 (Wed), 23:30,us,EIA 증류유 재고 변동 Sep/27,-1.284M,-1.5M,-2.227M,하
10.02 (Wed), 23:05,us,연방은행 무살렘 연설 ,,,,중
10.02 (Wed), 22:00,us,Fed Hammack 연설 ,,,,중
10.02 (Wed), 21:15,us,ADP 고용변화 Sep,143K,120K,103K,중
10.02 (Wed), 20:00,us,MBA 30년 모기지 금리 Sep/27,6.14%,,6.13%,하
10.02 (Wed), 20:00,us,MBA 모기지 신청건수 (전주비) Sep/27,-1.3%,,11%,하
10.02 (Wed), 20:00,us,MBA 모기지 시장 지수 Sep/27,292.3,,296.1,하
10.02 (Wed), 20:00,us,MBA 구매 지수 Sep/27,149.3,,148.2,하
10.02 (Wed), 20:00,us,MBA 모기지 재융자 지수 Sep/27,1099.5,,1132.9,하
10.02 (Wed), 18:00,gb,5년 만기 국채 입찰 ,3.880%,,3.811%,하
10.02 (Wed), 15:30,us,총 차량 판매 Sep,15.8M,15.7M,15.1M,하
10.02 (Wed), 09:30,kr,S&P글로벌 제조업 구매관리자지수(PMI) Sep,48.3,,51.9,중
10.02 (Wed), 09:00,cn,국경일 골든 위크 ,,,,하
10.02 (Wed), 08:00,kr,인플레이션율 (전년비) Sep,1.6%,,2%,중
10.02 (Wed), 08:00,kr,인플레이션율 (전월비) Sep,0.1%,,0.4%,하
10.02 (Wed), 07:15,us,Fed 콜린스 연설 ,,,,중
10.02 (Wed), 07:15,us,Fed Barkin 연설 ,,,,중
10.02 (Wed), 07:15,us,Fed Bostic 연설 ,,,,중
10.02 (Wed), 05:30,us,API 원유 재고 변화 Sep/27,-1.5M,-2.1M,-4.339M,중
10.02 (Wed), 00:30,us,42 일 빌 경매 ,4.750%,,4.620%,하
10.02 (Wed), 00:30,us,52주 만기 국채 입찰 ,3.780%,,4.150%,하
10.02 (Wed), 00:10,us,Fed's Lisa Cook ,,,,중
10.02 (Wed), 00:10,us,Fed Bostic 연설 ,,,,중
10.02 (Wed), 00:00,us,Fed Bostic 연설 ,,,,중
10.02 (Wed), 00:00,us,Fed's Lisa Cook ,,,,중
10.01 (Tue), 23:30,us,댈라스 연은 서비스 지수 Sep,-2.6,,-7.7,하
10.01 (Tue), 23:30,us,댈러스 연은 서비스 수익 지수 Sep,10.1,,8.7,하
10.01 (Tue), 23:00,us,ISM 제조업 물가 지수 Sep,48.3,53.3,54,하
10.01 (Tue), 23:00,us,ISM 제조업 신규주문 지수 Sep,46.1,,44.6,하
10.01 (Tue), 23:00,us,ISM 제조업 고용 지수 Sep,43.9,47,46,중
10.01 (Tue), 23:00,us,구인·이직 보고서(JOLTs) 직장 이탈수 Aug,3.084M,,3.243M,하
10.01 (Tue), 23:00,us,구인·이직 보고서(JOLTs) 채용수 Aug,8.04M,7.655M,7.711M,상
10.01 (Tue), 23:00,us,건설 지출 (전월비) Aug,-0.1%,0.1%,-0.5%,하
10.01 (Tue), 23:00,us,ISM 제조업 구매관리자지수(PMI) Sep,47.2,47.5,47.2,상
10.01 (Tue), 22:45,us,S&P글로벌 제조업 구매관리자지수(PMI) 최종 Sep,47.3,47,47.9,중
10.01 (Tue), 21:55,us,Redbook 지수(전년비) Sep/28,5.3%,,4.4%,하
10.01 (Tue), 18:30,us,LMI 물류 관리자 지수 Sep,58.6,,56.4,하
10.01 (Tue), 18:00,gb,20년만기 국채 금채 경매 ,4.421%,,4.372%,하
10.01 (Tue), 17:30,gb,제조업 PMI Sep,51.5,51.5,52.5,중
10.01 (Tue), 09:00,kr,무역수지 Sep,$6.66B,,$3.77B,하
10.01 (Tue), 09:00,kr,수입액 (전년비) Sep,2.2%,,6%,하
10.01 (Tue), 09:00,kr,수출액 (전년비) Sep,7.5%,,11.2%,중
10.01 (Tue), 09:00,cn,국경일 골든 위크 ,,,,하
10.01 (Tue), 02:55,us,Fed Chair Powell 연설 ,,,,상
10.01 (Tue), 02:00,us,Fed Chair Powell 연설 ,,,,상
10.01 (Tue), 01:00,us,분기별 곡물 재고-옥수수 Sep,1.760B,,4.993B,하
10.01 (Tue), 01:00,us,분기별 곡물 재고-소맥 Sep,1.98B,,0.702B,하
10.01 (Tue), 01:00,us,분기별 곡물 재고-대두 Sep,0.342B,,0.969B,하
10.01 (Tue), 00:30,us,6개월 만기 국채 입찰 ,4.215%,,4.270%,하
10.01 (Tue), 00:30,us,3개월 만기 국채 입찰 ,4.500%,,4.540%,하
